code,mcap
000001,2260.79
000002,377.01
000006,100.98
000007,43.65
000008,68.45
000009,187.25
000011,54.53
000012,115.31
000014,27.71
000017,78.91
000019,84.37
000020,37.04
000021,589.07
000025,73.54
000026,81.44
000027,300.67
000028,122.32
000029,240.07
000030,69.82
000031,96.87
000032,176.44
000034,244.83
000035,112.72
000036,57.84
000037,59.31
000039,518.76
000042,57.77
000045,56.33
000048,117.55
000049,90.51
000050,163.68
000055,38.77
000058,88.4
000059,89.09
000060,307.77
000061,127.83
000062,259.91
000063,1608.7
000065,118.82
000066,460.0
000068,33.22
000069,147.09
000070,138.16
000088,235.54
000089,134.53
000090,66.89
000096,43.72
000099,106.82
000100,1088.54
000151,35.93
000153,29.97
000155,228.0
000156,128.41
000157,589.83
000158,201.59
000159,29.18
000166,1146.83
000301,932.18
000333,6578.31
000338,2388.16
000400,222.57
000401,97.21
000402,76.22
000403,100.65
000404,49.55
000407,37.14
000408,1239.44
000409,59.5
000410,137.75
000411,55.86
000415,277.69
000417,45.16
000419,27.51
000420,92.95
000421,33.2
000422,142.8
000423,314.28
000425,931.04
000426,738.31
000428,46.36
000429,279.96
000430,56.84
000498,77.16
000501,56.06
000503,68.45
000504,27.72
000505,53.36
000506,199.09
000507,46.91
000509,37.88
000510,114.99
000513,237.6
000514,35.19
000516,93.14
000517,71.0
000518,39.95
000519,200.95
000520,43.01
000521,49.95
000523,64.98
000524,68.29
000525,63.06
000526,42.92
000528,160.59
000529,29.31
000530,43.51
000531,59.57
000532,38.88
000533,81.79
000534,118.22
000536,97.92
000537,155.82
000538,892.13
000539,278.27
000541,75.71
000543,168.43
000544,71.44
000545,26.55
000546,37.79
000547,226.34
000548,23.01
000550,141.05
000551,60.69
000552,146.1
000553,133.27
000554,31.8
000555,104.41
000557,54.83
000558,47.44
000559,367.34
000560,62.19
000561,67.31
000563,155.98
000564,281.71
000565,28.7
000566,65.39
000567,137.02
000568,1154.56
000570,36.98
000571,52.53
000572,64.8
000573,24.51
000576,35.61
000581,174.5
000582,279.9
000586,26.64
000589,67.93
000590,22.94
000591,169.08
000592,135.42
000593,81.16
000595,65.25
000596,496.36
000597,72.06
000598,214.85
000599,116.54
000600,144.26
000601,65.76
000603,266.26
000605,21.12
000607,37.65
000608,55.42
000612,136.63
000617,935.51
000619,22.19
000620,198.47
000623,222.68
000625,703.82
000626,47.67
000628,169.52
000629,288.95
000630,906.48
000631,68.54
000633,20.91
000635,25.86
000636,636.28
000637,22.2
000650,77.98
000651,2184.55
000652,51.66
000655,44.95
000656,136.59
000657,1521.2
000659,37.8
000661,309.71
000663,20.17
000665,44.8
000668,33.33
000670,59.13
000672,139.5
000676,84.03
000678,40.72
000679,22.49
000680,155.71
000681,115.81
000682,154.59
000683,236.39
000685,167.61
000686,190.51
000688,373.3
000690,106.62
000691,49.17
000692,23.18
000695,34.46
000697,119.37
000700,102.91
000701,34.48
000702,19.93
000703,744.82
000705,24.09
000707,27.66
000708,704.58
000709,222.25
000710,31.92
000712,105.73
000713,53.4
000715,30.91
000716,42.69
000717,56.72
000718,60.09
000719,118.69
000720,49.13
000721,39.89
000722,83.3
000723,173.94
000725,2193.02
000726,49.22
000727,104.63
000728,336.01
000729,325.54
000731,35.84
000733,226.99
000735,67.48
000736,34.96
000737,292.75
000738,245.68
000739,247.1
000750,245.87
000751,85.63
000753,48.98
000755,70.87
000756,93.56
000757,24.08
000758,129.73
000759,41.33
000761,99.01
000762,123.07
000766,160.53
000767,106.15
000768,603.95
000776,1676.86
000777,66.06
000778,147.03
000779,44.76
000782,54.93
000783,509.32
000785,142.6
000786,301.3
000788,34.45
000789,33.73
000790,26.26
000791,234.85
000792,1501.75
000795,97.78
000796,69.28
000797,39.43
000798,37.02
000799,127.4
000800,306.1
000801,119.72
000802,28.42
000803,35.11
000807,944.32
000809,28.29
000810,111.91
000811,397.98
000812,27.83
000813,72.77
000815,113.47
000816,44.28
000818,81.91
000819,45.13
000820,23.47
000822,40.73
000823,91.44
000825,205.06
000828,106.24
000829,89.8
000830,246.42
000831,638.64
000833,172.45
000837,103.54
000839,110.15
000848,88.43
000850,41.8
000852,52.47
000856,20.23
000858,2775.74
000859,81.09
000860,78.92
000862,48.56
000863,50.65
000868,33.63
000869,106.01
000875,179.91
000876,322.85
000877,271.62
000878,432.9
000880,109.65
000881,62.87
000882,41.61
000883,324.24
000885,78.78
000886,48.06
000887,275.8
000888,54.38
000889,37.64
000890,36.08
000892,38.36
000893,450.94
000895,861.66
000897,30.08
000898,197.69
000899,94.15
000900,56.31
000901,110.15
000902,183.07
000905,138.35
000906,41.02
000908,114.72
000910,30.16
000912,68.36
000913,60.64
000915,58.68
000917,99.94
000919,42.6
000920,54.78
000921,367.13
000922,101.58
000923,109.01
000925,63.44
000926,36.64
000927,152.47
000928,76.18
000929,17.16
000930,95.42
000931,39.77
000932,258.34
000933,620.5
000935,178.57
000936,50.59
000937,204.84
000938,1026.48
000948,55.79
000949,122.28
000950,95.57
000951,255.78
000952,22.7
000953,22.99
000955,23.1
000957,60.59
000958,972.61
000959,287.71
000960,596.8
000962,304.41
000963,485.08
000965,36.51
000966,141.33
000967,279.82
000968,71.5
000969,181.84
000970,148.08
000972,29.54
000973,332.35
000975,757.18
000977,1137.19
000978,28.84
000980,85.72
000981,269.93
000983,421.24
000985,21.68
000987,389.83
000988,1034.96
000989,78.23
000990,113.65
000993,45.43
000995,19.89
000997,207.79
000998,135.92
000999,405.9
001201,31.89
001202,23.94
001203,433.56
001205,27.09
001206,30.47
001207,51.23
001208,88.54
001209,23.96
001210,62.24
001211,23.43
001212,67.74
001213,158.67
001215,30.61
001216,43.68
001217,34.61
001218,32.75
001219,24.82
001220,29.53
001221,150.08
001222,27.53
001223,51.51
001225,30.72
001226,34.28
001227,122.46
001228,30.46
001229,57.49
001230,42.36
001231,22.02
001232,972.29
001233,85.06
001234,25.02
001236,81.03
001237,77.01
001238,38.04
001239,29.11
001248,1649.22
001255,23.49
001256,32.64
001257,474.96
001258,124.13
001259,33.74
001260,20.84
001266,35.92
001267,306.15
001268,38.9
001269,37.52
001270,205.5
001277,22.82
001278,20.11
001279,40.62
001280,1417.32
001282,34.35
001283,59.73
001285,80.34
001286,361.5
001287,174.17
001288,66.53
001289,1279.05
001296,29.87
001298,76.99
001299,30.73
001300,28.03
001301,214.58
001306,33.53
001308,127.37
001309,973.22
001311,69.95
001312,41.09
001313,57.33
001314,72.08
001316,43.29
001317,44.94
001318,33.24
001319,28.07
001322,64.21
001323,82.4
001324,27.67
001325,31.24
001326,49.97
001328,48.97
001330,70.1
001331,177.04
001332,43.47
001333,26.93
001335,30.46
001336,19.88
001337,230.92
001338,46.21
001339,252.57
001356,54.16
001358,31.39
001359,213.01
001360,39.07
001365,182.86
001366,20.55
001367,31.54
001368,26.3
001369,142.8
001373,19.71
001376,56.58
001378,35.5
001379,32.14
001380,47.21
001382,67.86
001386,194.77
001387,22.4
001388,50.0
001389,736.95
001390,33.96
001391,501.79
001393,104.3
001395,33.09
001396,36.56
001399,1690.35
001400,66.93
001696,173.36
001872,563.45
001896,185.23
001914,93.46
001965,663.2
001979,645.55
002001,834.13
002003,143.26
002004,90.09
002005,42.41
002006,69.85
002007,240.08
002008,902.14
002009,66.25
002010,130.46
002011,109.06
002012,33.44
002014,68.91
002015,259.89
002016,38.43
002017,93.97
002019,122.0
002020,112.45
002021,32.52
002022,29.58
002023,73.86
002025,283.08
002026,55.99
002027,717.78
002028,1120.49
002029,61.41
002030,79.01
002031,114.15
002032,322.36
002033,50.44
002034,75.59
002035,39.67
002036,71.71
002037,33.82
002038,64.52
002039,82.56
002040,42.63
002041,98.56
002042,68.2
002043,108.7
002044,184.36
002045,51.19
002046,281.29
002047,53.07
002048,153.18
002049,529.38
002050,1522.04
002051,106.58
002052,66.82
002053,87.01
002054,35.82
002056,346.49
002057,68.68
002058,24.43
002059,47.38
002060,122.39
002061,93.57
002062,97.62
002063,104.01
002064,590.05
002065,222.46
002066,52.41
002067,62.53
002068,59.2
002069,26.81
002072,34.23
002073,60.65
002074,494.33
002075,82.49
002076,23.74
002077,71.96
002078,419.85
002079,84.94
002080,879.5
002081,148.7
002083,102.24
002084,37.47
002085,221.46
002086,42.71
002088,41.32
002090,37.69
002091,128.1
002092,123.64
002093,69.11
002094,40.0
002095,36.62
002096,120.57
002097,78.66
002098,26.53
002099,87.73
002100,101.85
002101,58.39
002103,35.42
002104,82.59
002105,22.56
002106,73.62
002107,41.73
002108,73.53
002110,75.06
002111,51.87
002112,44.59
002114,25.13
002115,85.58
002116,40.64
002117,42.42
002119,87.25
002120,195.7
002121,82.96
002123,65.08
002124,52.22
002125,82.03
002126,346.52
002127,72.42
002128,910.12
002129,397.03
002130,240.22
002131,311.5
002132,62.65
002133,21.83
002134,54.69
002135,74.63
002136,27.33
002137,44.47
002138,396.31
002139,119.45
002140,65.7
002141,66.62
002142,2235.98
002144,19.85
002145,168.25
002146,51.74
002148,35.26
002149,175.46
002150,81.92
002151,157.23
002152,241.38
002153,212.06
002154,59.98
002155,451.92
002156,967.47
002157,279.35
002158,149.72
002159,24.47
002160,43.07
002161,50.67
002162,37.43
002163,73.51
002164,57.53
002165,61.54
002166,51.32
002167,133.4
002169,95.41
002170,115.75
002171,167.49
002172,34.46
002173,81.95
002174,116.3
002176,154.22
002177,45.98
002178,33.19
002179,738.87
002180,242.71
002181,97.76
002182,120.6
002183,118.16
002184,35.47
002185,562.89
002186,29.34
002187,39.67
002188,18.38
002189,49.78
002190,93.23
002191,52.32
002192,193.26
002194,69.49
002195,362.09
002196,52.02
002197,42.15
002199,30.65
002200,32.21
002201,54.41
002202,777.6
002203,452.62
002204,101.4
002205,19.98
002206,62.52
002208,86.84
002209,27.22
002210,63.07
002212,81.74
002213,72.92
002214,89.44
002215,105.75
002216,107.35
002218,56.9
002219,78.36
002221,92.36
002222,320.48
002223,263.55
002224,33.92
002225,43.12
002226,136.68
002228,39.19
002229,60.61
002230,962.27
002232,59.04
002233,86.42
002234,28.75
002235,51.76
002236,531.91
002237,223.22
002238,52.65
002239,91.35
002240,298.84
002241,835.14
002242,64.32
002243,91.28
002244,280.34
002245,302.19
002246,110.69
002247,20.93
002248,30.75
002249,165.04
002250,139.84
002251,102.17
002252,325.02
002253,22.52
002254,108.74
002255,65.81
002256,70.2
002258,115.02
002259,32.88
002261,321.29
002262,223.26
002263,59.92
002264,48.3
002265,192.77
002266,258.35
002267,78.29
002268,119.49
002269,37.19
002270,170.37
002271,273.75
002272,79.76
002273,363.23
002274,61.62
002275,73.68
002276,104.65
002277,89.37
002278,32.26
002279,60.79
002281,1437.23
002282,32.14
002283,97.2
002284,72.73
002285,46.43
002286,31.04
002287,117.0
002289,106.52
002290,153.8
002291,48.63
002292,119.33
002293,96.64
002294,358.75
002295,24.69
002296,35.18
002297,104.36
002298,59.65
002299,207.29
002300,49.34
002301,55.6
002302,60.97
002303,79.17
002304,589.47
002307,50.29
002309,92.03
002310,141.58
002311,765.95
002312,163.29
002313,31.6
002314,60.11
002315,104.88
002316,17.89
002317,219.71
002318,194.07
002319,22.5
002320,152.33
002321,45.86
002322,45.33
002324,107.34
002326,176.61
002327,53.03
002328,59.66
002329,33.21
002330,26.94
002331,29.86
002332,86.26
002333,38.47
002334,55.11
002335,231.0
002337,27.9
002338,102.34
002339,37.55
002340,340.33
002342,74.3
002343,24.54
002344,51.95
002345,92.41
002346,91.19
002347,30.99
002348,111.33
002349,65.58
002350,79.13
002351,89.44
002352,1772.83
002353,1340.43
002354,129.88
002355,32.89
002356,37.5
002357,34.83
002358,51.23
002361,100.05
002362,38.79
002363,28.21
002364,209.14
002365,45.35
002366,130.89
002367,43.8
002368,87.81
002369,35.66
002370,41.38
002371,5061.75
002372,137.07
002373,120.57
002374,34.08
002375,49.58
002376,54.71
002377,25.75
002378,309.85
002379,2410.76
002380,66.79
002381,23.05
002382,60.96
002383,52.34
002384,3582.99
002385,145.1
002386,78.36
002387,102.25
002388,32.92
002389,177.97
002390,61.62
002391,35.34
002392,94.64
002393,44.12
002394,33.37
002395,33.45
002396,277.9
002397,27.52
002398,29.11
002399,153.33
002400,112.79
002401,45.86
002402,176.0
002403,31.48
002404,32.71
002405,151.45
002406,49.44
002407,439.75
002408,159.81
002409,676.1
002410,148.67
002412,66.07
002413,105.02
002414,548.79
002415,3216.87
002416,117.73
002418,55.68
002419,53.64
002420,24.92
002421,69.13
002422,664.15
002423,227.88
002425,30.42
002426,92.55
002427,51.14
002428,650.9
002429,370.3
002430,255.45
002432,316.26
002434,75.61
002436,608.14
002437,108.37
002438,69.79
002439,165.6
002440,156.12
002441,44.98
002442,26.43
002443,51.85
002444,363.24
002445,80.57
002446,76.25
002448,71.67
002449,41.01
002451,34.15
002452,71.34
002453,37.04
002454,45.1
002455,57.29
002456,266.04
002457,37.05
002458,129.81
002459,241.61
002460,1153.18
002461,192.78
002462,36.0
002463,2341.95
002465,250.67
002466,858.27
002467,64.37
002468,215.08
002469,43.02
002470,70.98
002471,73.5
002472,303.45
002474,39.45
002475,4379.61
002476,31.33
002478,61.52
002479,51.47
002480,41.84
002481,53.54
002482,50.26
002483,47.78
002484,517.12
002486,24.32
002487,264.65
002488,81.23
002489,61.38
002490,69.34
002491,273.43
002492,23.45
002493,1453.46
002494,18.26
002495,22.92
002496,33.47
002497,222.44
002498,214.91
002500,196.0
002506,163.22
002507,129.82
002508,151.77
002510,57.36
002511,91.47
002513,20.43
002515,101.09
002516,80.01
002517,354.65
002518,206.52
002519,62.07
002520,47.04
002521,37.75
002522,47.83
002523,49.87
002524,20.82
002526,48.67
002527,73.4
002529,18.28
002530,57.43
002531,110.69
002532,609.6
002533,82.35
002534,125.56
002535,20.84
002536,306.53
002537,73.38
002539,166.91
002540,64.5
002541,139.52
002543,53.91
002544,110.25
002545,225.8
002546,66.31
002548,35.94
002549,99.85
002550,86.26
002551,28.58
002552,206.37
002553,54.57
002554,39.88
002555,404.18
002556,50.49
002557,95.0
002558,518.47
002559,58.47
002560,45.07
002561,29.1
002562,57.26
002563,161.11
002564,38.82
002565,90.1
002566,23.63
002567,55.32
002568,184.47
002570,49.68
002571,41.86
002572,77.81
002573,47.41
002574,27.72
002575,32.74
002576,23.92
002577,52.77
002578,40.64
002579,88.09
002580,95.68
002582,47.95
002583,153.49
002584,49.1
002585,112.65
002587,36.26
002588,93.99
002589,49.81
002590,50.71
002591,19.48
002593,36.58
002594,8417.0
002595,549.96
002596,38.44
002597,118.55
002599,32.17
002600,1012.6
002601,395.79
002602,1029.68
002603,270.32
002605,71.69
002606,57.17
002607,129.52
002608,268.24
002609,50.0
002611,181.38
002612,66.41
002613,38.63
002614,36.55
002615,37.12
002616,42.45
002617,118.37
002622,22.09
002623,31.2
002624,211.26
002625,611.9
002626,103.45
002627,51.09
002628,41.49
002629,20.84
002631,80.53
002632,52.9
002633,21.96
002635,101.72
002636,532.75
002637,58.24
002638,66.95
002639,93.06
002640,53.13
002641,49.41
002642,47.7
002643,121.45
002644,45.14
002645,144.22
002646,33.15
002647,134.17
002648,956.02
002649,58.08
002651,88.36
002652,21.1
002653,766.45
002654,115.55
002655,139.35
002656,20.81
002657,55.31
002658,48.0
002659,27.4
002660,27.17
002661,25.97
002662,50.4
002663,30.5
002664,62.74
002666,33.57
002668,101.36
002669,36.59
002670,233.18
002671,22.86
002672,41.89
002673,305.27
002674,73.56
002675,106.37
002676,37.73
002677,43.93
002678,69.95
002679,25.16
002681,83.99
002682,28.57
002683,231.46
002685,55.83
002686,37.94
002687,32.1
002688,43.71
002690,143.45
002692,30.88
002693,37.74
002695,60.16
002696,22.09
002697,63.78
002698,125.37
002700,26.55
002701,124.15
002702,29.29
002703,136.89
002705,91.66
002706,106.36
002707,54.93
002708,68.97
002709,757.33
002712,25.74
002713,91.33
002714,2406.18
002715,19.93
002716,328.89
002718,109.69
002721,81.38
002722,28.98
002723,25.39
002724,53.46
002725,29.39
002727,65.88
002728,46.56
002729,25.29
002730,86.75
002732,22.15
002733,71.27
002734,77.09
002735,44.2
002736,1052.85
002737,75.8
002738,389.71
002739,176.97
002741,118.18
002742,42.69
002743,21.24
002745,172.91
002746,55.25
002747,304.76
002748,29.47
002749,48.64
002752,59.2
002753,28.72
002755,109.89
002756,251.22
002757,46.95
002758,47.26
002760,20.27
002761,97.91
002762,33.46
002763,31.28
002765,46.17
002766,36.11
002767,27.57
002768,283.66
002769,26.73
002771,27.69
002772,44.48
002773,191.73
002774,55.15
002775,24.21
002777,52.17
002778,19.92
002779,137.14
002780,22.62
002782,74.92
002783,40.2
002785,80.61
002786,39.75
002787,71.37
002788,43.16
002790,25.78
002791,54.0
002792,162.02
002793,55.03
002795,32.2
002796,74.95
002797,274.84
002798,34.6
002799,22.18
002800,23.16
002801,62.28
002802,22.26
002803,85.91
002805,52.65
002806,30.55
002807,109.38
002809,21.82
002810,75.27
002811,40.81
002812,534.62
002813,25.2
002815,181.3
002817,20.34
002818,80.46
002819,63.52
002820,20.43
002821,594.88
002823,42.71
002824,81.31
002825,31.29
002826,32.8
002827,162.6
002828,25.42
002829,41.56
002830,26.66
002831,340.12
002832,139.65
002833,80.58
002835,27.83
002836,22.69
002837,823.49
002838,119.36
002839,104.37
002840,66.18
002841,327.43
002842,131.29
002843,40.76
002845,43.73
002846,45.19
002847,122.72
002848,22.93
002849,41.32
002850,507.67
002851,736.82
002852,30.3
002853,41.47
002855,36.08
002857,25.29
002858,21.99
002859,297.36
002860,56.52
002861,29.99
002862,23.93
002863,28.6
002864,30.65
002865,126.28
002866,43.14
002867,121.79
002868,34.05
002869,28.61
002870,76.21
002871,42.84
002873,21.26
002875,27.97
002876,51.31
002877,26.4
002878,32.54
002879,31.77
002880,51.46
002881,123.31
002882,95.37
002884,57.26
002885,76.21
002886,69.49
002887,29.1
002888,28.47
002889,47.51
002890,25.16
002891,92.58
002892,77.09
002893,26.44
002895,201.33
002896,125.09
002897,110.51
002899,27.49
002900,42.04
002901,187.05
002902,64.23
002903,45.06
002905,30.59
002906,140.47
002907,64.81
002908,30.89
002909,21.33
002910,19.48
002911,144.1
002912,32.97
002913,187.43
002915,63.27
002916,2468.55
002917,36.15
002918,46.32
002919,46.12
002920,524.6
002921,31.45
002922,104.21
002923,37.17
002925,179.03
002926,226.01
002927,35.73
002928,81.04
002929,149.17
002930,42.27
002931,100.29
002933,31.17
002935,66.27
002936,161.84
002937,99.54
002938,2066.78
002939,328.0
002940,51.32
002941,79.98
002942,32.51
002943,90.22
002945,397.44
002946,132.11
002947,165.33
002948,351.55
002949,27.61
002950,58.51
002951,64.61
002952,35.81
002953,55.75
002955,79.58
002956,53.66
002957,171.35
002958,162.23
002959,51.35
002960,90.62
002961,98.06
002962,37.74
002963,28.79
002965,81.47
002966,389.84
002967,110.08
002968,21.68
002969,138.19
002970,89.85
002971,99.16
002972,30.43
002973,51.37
002975,214.12
002976,47.62
002978,127.3
002979,178.28
002980,190.09
002981,32.39
002982,25.77
002983,45.76
002984,146.84
002985,88.8
002986,52.87
002987,123.61
002988,61.25
002989,48.55
002990,122.55
002991,36.21
002992,61.24
002993,104.43
002995,30.27
002996,42.51
002997,59.72
002998,28.7
002999,22.66
003000,44.46
003001,27.81
003002,33.4
003003,20.04
003004,57.31
003005,34.78
003006,60.32
003007,46.66
003008,20.85
003009,77.38
003010,94.87
003011,21.46
003012,55.42
003013,68.84
003015,34.37
003016,29.81
003017,23.6
003018,140.93
003019,47.56
003020,42.56
003021,188.45
003022,268.32
003023,28.85
003025,35.41
003026,54.9
003027,22.05
003028,32.93
003029,33.11
003030,30.08
003031,571.26
003032,42.02
003033,55.89
003035,216.29
003036,117.38
003037,34.39
003038,26.81
003039,74.66
003040,85.31
003041,55.68
003042,21.44
003043,119.17
003816,2141.15
300001,368.41
300002,157.96
300003,222.32
300004,41.52
300005,100.83
300006,61.56
300007,102.1
300008,108.69
300009,142.34
300011,37.12
300012,253.43
300013,23.73
300014,1180.53
300015,767.21
300016,52.47
300017,382.09
300018,56.79
300019,57.51
300021,41.92
300022,41.52
300024,225.76
300025,27.47
300026,103.64
300030,21.58
300031,88.61
300032,31.56
300033,1734.84
300034,127.91
300035,93.08
300036,51.79
300037,493.12
300039,59.83
300040,37.19
300041,61.03
300042,79.36
300043,55.62
300045,81.97
300046,58.28
300047,59.69
300048,57.86
300049,110.85
300050,35.63
300051,31.25
300052,27.7
300053,84.46
300054,692.1
300055,51.54
300056,32.73
300057,69.85
300058,480.01
300059,3072.67
300061,40.53
300062,38.99
300063,66.52
300065,110.61
300066,51.9
300067,63.84
300069,30.57
300070,126.85
300071,39.33
300072,91.4
300073,223.43
300074,21.19
300075,66.9
300077,137.59
300078,35.32
300079,65.03
300080,71.75
300082,58.83
300083,227.36
300084,57.4
300085,224.85
300086,30.77
300088,174.59
300092,32.82
300093,130.68
300094,35.99
300095,32.82
300097,29.71
300098,81.15
300099,44.09
300100,124.6
300101,81.32
300102,165.75
300103,25.34
300105,39.31
300106,23.5
300107,39.17
300109,81.97
300110,34.99
300111,40.29
300112,29.83
300113,109.75
300115,323.73
300118,112.18
300119,80.4
300120,54.17
300121,43.86
300122,339.92
300124,1680.11
300125,64.52
300126,20.15
300127,81.01
300128,63.4
300129,81.17
300130,111.82
300131,191.02
300132,33.16
300133,129.55
300134,65.16
300135,32.99
300136,583.83
300137,61.39
300138,56.81
300139,150.65
300140,170.45
300141,25.84
300142,228.39
300143,75.11
300144,154.71
300145,88.52
300146,166.46
300148,28.92
300149,48.88
300150,24.93
300151,85.57
300153,70.02
300154,54.62
300155,25.93
300157,31.46
300158,52.39
300159,100.69
300160,34.24
300161,52.54
300162,32.01
300163,35.83
300164,59.96
300165,27.05
300166,143.6
300168,71.46
300169,18.74
300170,173.13
300171,116.18
300172,31.6
300174,70.66
300175,28.48
300176,25.19
300177,47.78
300179,176.22
300180,84.18
300181,97.0
300182,131.06
300183,49.22
300184,140.58
300185,110.59
300187,30.73
300188,90.16
300189,67.79
300190,35.74
300191,121.7
300192,80.09
300193,38.15
300194,48.42
300195,25.25
300196,69.97
300197,61.38
300199,207.12
300200,37.06
300201,141.17
300203,58.78
300204,116.12
300206,68.11
300207,331.25
300209,311.37
300210,40.77
300213,37.98
300214,60.72
300215,50.11
300217,62.52
300218,27.88
300219,49.84
300220,17.01
300221,65.14
300222,79.4
300223,698.79
300224,106.19
300225,33.99
300226,64.18
300227,77.99
300228,44.87
300229,116.1
300230,35.7
300231,37.27
300232,59.64
300233,51.13
300234,50.92
300235,27.42
300236,275.09
300238,31.82
300239,30.69
300240,22.81
300241,41.57
300242,25.7
300243,47.97
300244,116.62
300246,39.56
300247,30.47
300248,41.78
300249,59.6
300250,32.51
300251,320.35
300252,80.46
300253,151.23
300254,23.17
300255,224.25
300256,65.56
300257,186.21
300258,55.4
300259,50.94
300260,241.75
300261,49.42
300263,109.92
300264,28.05
300265,66.68
300266,29.68
300267,69.51
300268,24.07
300269,27.24
300270,34.46
300271,46.19
300272,36.38
300274,2025.32
300275,27.97
300276,89.67
300277,180.93
300278,53.16
300279,28.12
300281,27.23
300283,66.5
300284,66.55
300285,686.97
300286,49.5
300287,51.53
300288,33.83
300289,33.18
300291,47.85
300292,57.29
300293,52.25
300294,75.23
300296,138.85
300298,89.54
300299,37.21
300300,52.08
300302,146.42
300303,101.87
300304,99.14
300305,23.46
300306,28.38
300307,59.88
300308,10040.42
300310,38.62
300311,37.32
300313,36.81
300314,34.16
300315,107.76
300316,571.61
300317,34.62
300318,41.99
300319,185.59
300320,50.8
300321,29.82
300322,81.01
300323,191.68
300324,60.98
300327,82.68
300328,122.83
300329,30.57
300331,123.76
300332,42.47
300333,43.48
300334,24.62
300335,26.71
300337,80.8
300339,285.35
300340,24.82
300341,68.71
300342,137.37
300343,62.5
300345,47.49
300346,384.7
300347,429.22
300348,81.72
300349,42.89
300350,24.95
300351,54.8
300353,114.37
300354,38.23
300355,46.36
300357,119.95
300358,64.72
300359,27.55
300360,59.54
300363,107.33
300364,165.59
300365,28.49
300368,49.61
300369,58.61
300370,35.38
300371,21.03
300373,513.08
300374,27.07
300375,32.25
300376,107.56
300377,113.85
300378,101.7
300380,48.9
300381,29.53
300382,113.99
300383,220.03
300384,38.86
300386,51.0
300387,22.95
300388,48.08
300389,47.13
300390,532.68
300393,68.65
300394,2875.2
300395,472.05
300397,57.04
300398,202.48
300399,37.68
300400,75.92
300401,80.63
300402,37.39
300403,56.8
300404,51.07
300405,16.58
300406,68.75
300407,41.4
300408,2241.12
300409,143.39
300410,29.55
300411,32.44
300412,23.25
300413,264.71
300414,35.05
300415,92.31
300416,73.49
300417,15.37
300418,519.15
300420,90.76
300421,48.46
300422,22.42
300423,28.86
300424,33.82
300425,28.11
300426,28.28
300427,33.16
300428,134.58
300429,64.82
300432,260.57
300433,2018.06
300434,46.12
300435,65.92
300436,146.97
300437,28.37
300438,306.33
300439,35.97
300440,86.66
300441,45.11
300442,1035.83
300443,59.8
300444,74.51
300445,39.89
300446,110.58
300447,43.69
300448,38.09
300449,27.83
300450,559.86
300451,54.53
300452,30.32
300453,50.38
300454,538.97
300455,126.26
300456,295.81
300457,137.75
300458,308.03
300459,126.22
300461,51.4
300463,56.42
300464,36.59
300465,54.58
300466,39.9
300467,70.8
300468,125.07
300469,135.17
300470,58.16
300471,45.89
300473,47.83
300474,266.22
300475,808.08
300476,2374.41
300478,37.28
300479,29.6
300480,114.73
300481,41.76
300482,77.09
300483,97.93
300484,26.41
300485,43.59
300486,88.85
300487,321.73
300488,59.76
300489,325.75
300490,45.81
300491,56.32
300492,66.43
300493,65.6
300494,38.8
300496,260.96
300497,92.43
300498,950.85
300499,94.38
300500,16.51
300501,27.9
300502,5563.08
300503,208.35
300504,48.11
300505,59.1
300506,73.28
300507,52.9
300508,43.23
300509,26.41
300510,28.86
300511,36.66
300512,30.0
300513,23.34
300514,20.46
300515,33.17
300516,82.91
300517,20.78
300518,47.52
300519,23.6
300520,69.01
300521,36.25
300522,44.92
300523,46.18
300525,61.33
300528,47.77
300529,126.98
300530,31.76
300531,53.94
300532,45.19
300533,46.87
300534,45.65
300535,18.26
300536,26.57
300537,41.86
300538,29.43
300539,48.87
300540,64.39
300541,43.05
300542,37.89
300543,24.11
300545,57.21
300546,33.2
300547,56.68
300548,627.64
300549,19.35
300550,30.93
300551,37.95
300552,45.27
300553,47.32
300554,24.28
300556,19.84
300557,42.11
300558,213.99
300559,43.67
300560,42.78
300561,54.83
300562,40.0
300563,44.84
300564,20.1
300565,25.02
300566,73.1
300567,603.13
300568,227.28
300569,48.37
300570,464.02
300571,40.09
300572,50.24
300573,138.95
300575,30.29
300576,120.54
300577,45.95
300578,29.84
300579,62.42
300580,98.81
300581,56.39
300582,35.85
300583,24.6
300584,38.24
300585,29.29
300586,67.92
300587,62.58
300588,40.97
300589,50.65
300590,52.14
300591,31.07
300592,60.68
300593,164.38
300595,98.02
300596,96.21
300597,21.59
300598,72.88
300599,40.5
300600,30.19
300601,145.2
300602,249.24
300603,36.72
300604,1788.97
300605,16.83
300606,50.9
300607,165.13
300608,34.59
300609,30.7
300610,22.38
300611,52.52
300612,21.81
300613,171.99
300614,17.25
300615,28.66
300616,23.87
300617,63.66
300618,109.14
300619,58.7
300620,772.29
300621,15.25
300622,47.31
300623,248.88
300624,91.29
300625,26.98
300626,49.81
300627,228.27
300628,509.3
300629,45.11
300631,27.26
300632,55.12
300633,82.93
300634,88.21
300635,17.45
300636,29.19
300637,22.91
300638,168.43
300639,39.11
300640,21.65
300641,76.15
300642,30.57
300643,40.76
300644,23.02
300645,19.13
300647,34.3
300648,67.64
300649,33.06
300650,27.76
300651,24.03
300652,37.26
300653,27.13
300654,35.73
300655,148.83
300656,43.52
300657,167.44
300658,34.97
300659,27.55
300660,140.26
300661,784.97
300662,39.77
300663,40.72
300664,35.38
300665,22.36
300666,661.83
300667,29.84
300668,39.38
300669,49.14
300670,21.33
300671,123.33
300672,365.12
300673,33.34
300674,120.46
300675,19.26
300676,165.32
300677,355.53
300678,65.5
300679,213.64
300680,59.71
300681,68.37
300682,102.97
300683,33.88
300684,274.35
300685,69.32
300686,38.31
300687,109.62
300688,51.49
300689,63.29
300690,39.52
300691,40.14
300692,50.27
300693,125.4
300694,23.53
300695,49.19
300696,61.23
300697,66.63
300698,35.2
300699,199.44
300700,78.33
300701,28.46
300702,74.36
300703,24.35
300705,56.68
300706,78.66
300707,21.3
300708,75.28
300709,77.61
300710,30.47
300711,51.68
300712,37.66
300713,21.25
300715,53.87
300717,18.91
300718,165.82
300719,31.58
300720,142.67
300721,37.96
300722,59.5
300723,167.67
300724,202.74
300725,106.38
300726,217.2
300727,52.46
300729,35.6
300730,28.12
300731,75.26
300732,22.42
300733,53.74
300735,166.11
300736,38.3
300737,54.74
300738,202.66
300739,84.96
300740,95.99
300741,86.41
300743,22.29
300745,47.89
300746,32.19
300747,211.05
300748,373.55
300749,51.03
300750,17049.22
300751,608.84
300752,36.23
300753,27.55
300755,47.01
300756,65.2
300757,899.55
300758,46.1
300759,804.36
300760,1990.99
300761,165.04
300762,185.87
300763,248.13
300765,623.64
300766,83.61
300767,51.94
300768,96.12
300769,129.14
300770,77.69
300771,28.46
300772,76.88
300773,173.1
300774,46.68
300775,122.6
300776,320.6
300777,100.12
300778,21.89
300779,191.35
300780,28.88
300781,42.92
300782,444.98
300783,69.29
300784,23.53
300785,66.99
300786,27.6
300787,30.97
300788,44.69
300789,23.72
300790,98.51
300791,54.06
300792,55.33
300793,43.27
300795,39.78
300796,25.24
300797,53.08
300798,42.16
300800,24.39
300801,50.81
300802,66.7
300803,531.3
300804,33.12
300805,35.02
300806,309.83
300807,26.4
300808,31.87
300809,59.23
300810,28.93
300811,320.35
300812,37.54
300813,25.39
300814,256.88
300815,63.3
300816,50.64
300817,35.32
300818,42.3
300819,68.41
300820,118.39
300821,201.36
300822,34.64
300823,19.83
300824,25.59
300825,55.13
300826,33.41
300827,142.96
300828,27.53
300829,34.36
300830,36.54
300832,409.83
300833,50.05
300834,74.97
300835,190.12
300836,45.42
300837,23.3
300838,20.13
300839,37.0
300840,44.14
300841,68.12
300842,99.07
300843,220.19
300844,22.28
300845,26.36
300846,93.14
300847,41.8
300848,49.98
300849,31.23
300850,101.95
300851,21.02
300852,72.91
300853,39.71
300854,24.76
300855,133.45
300856,51.47
300857,1242.39
300858,38.71
300859,43.07
300860,51.6
300861,112.8
300862,93.99
300863,108.67
300864,44.14
300865,30.9
300866,729.78
300867,47.72
300868,110.0
300869,45.2
300870,327.42
300871,46.61
300872,76.88
300873,50.92
300875,32.6
300876,25.25
300877,32.84
300878,46.33
300879,35.16
300880,40.45
300881,34.98
300882,40.78
300883,22.77
300884,32.75
300885,48.79
300886,18.44
300887,39.18
300888,174.25
300889,47.57
300890,32.56
300891,30.76
300892,24.15
300893,67.64
300894,48.68
300895,74.48
300896,284.71
300897,31.14
300898,26.09
300899,19.68
300900,75.61
300901,40.97
300902,31.58
300903,401.99
300904,30.58
300905,66.27
300906,24.75
300907,48.23
300908,37.36
300909,94.41
300910,110.16
300911,40.68
300912,22.26
300913,123.85
300915,26.36
300916,37.72
300917,49.6
300918,54.06
300919,425.2
300920,41.85
300921,40.21
300922,30.32
300923,20.22
300925,62.68
300926,76.57
300927,45.39
300928,19.81
300929,21.6
300930,25.83
300931,36.86
300932,48.67
300933,36.0
300935,24.27
300936,63.04
300937,23.61
300938,93.02
300939,76.46
300940,30.84
300941,31.37
300942,26.94
300943,64.49
300945,36.17
300946,58.53
300947,22.32
300948,35.24
300949,19.66
300950,26.4
300951,129.29
300952,39.38
300953,225.52
300955,29.94
300956,24.49
300957,139.15
300958,19.91
300959,73.67
300960,25.11
300961,21.63
300962,35.88
300963,53.62
300964,61.76
300965,25.71
300966,28.45
300967,33.13
300968,42.21
300969,128.26
300970,33.04
300971,21.52
300972,383.58
300973,43.88
300975,178.62
300976,106.83
300977,25.86
300978,37.58
300979,393.16
300980,32.2
300981,68.62
300982,30.82
300983,68.24
300984,62.35
300985,70.33
300986,71.56
300987,23.56
300988,29.31
300989,31.75
300990,153.79
300991,40.48
300992,23.97
300993,30.87
300994,26.94
300995,24.42
300996,54.94
300997,75.95
300998,36.86
300999,1435.1
301000,58.76
301001,19.35
301002,38.0
301003,59.65
301004,50.45
301005,129.04
301006,19.25
301007,46.08
301008,49.64
301009,25.26
301010,19.17
301011,22.97
301012,45.83
301013,91.28
301015,132.19
301016,38.39
301017,54.72
301018,386.15
301019,30.49
301020,31.05
301021,120.84
301022,22.98
301023,26.81
301024,20.52
301025,36.35
301026,47.73
301027,30.78
301028,51.77
301029,162.76
301031,137.39
301032,25.03
301033,36.03
301035,210.1
301036,22.56
301037,18.1
301038,38.1
301039,151.8
301040,26.68
301041,29.82
301042,31.43
301043,29.89
301045,74.0
301046,39.43
301047,123.96
301048,48.96
301049,19.44
301050,72.57
301051,50.66
301052,22.77
301053,53.4
301055,47.58
301056,35.19
301057,25.77
301058,47.91
301059,27.92
301060,44.7
301061,95.39
301062,32.19
301063,18.97
301065,21.09
301066,28.87
301067,28.82
301068,39.05
301069,76.95
301070,80.17
301071,155.6
301072,47.54
301073,38.97
301075,44.34
301076,52.39
301077,35.94
301078,93.58
301079,30.38
301080,138.34
301081,33.12
301082,29.07
301083,24.94
301085,52.59
301086,156.58
301087,120.07
301088,29.76
301089,29.86
301090,105.47
301091,96.33
301092,60.0
301093,152.77
301095,149.77
301096,48.64
301097,27.76
301098,21.11
301099,95.77
301100,32.58
301101,58.98
301102,37.76
301103,26.07
301105,23.77
301106,28.22
301107,33.03
301108,43.13
301109,103.92
301110,45.34
301111,38.43
301112,32.96
301113,20.35
301115,52.54
301116,43.28
301118,26.6
301119,37.8
301120,55.48
301121,34.7
301122,46.88
301123,177.62
301125,26.5
301126,21.26
301127,132.93
301128,163.06
301129,31.81
301130,25.55
301131,18.57
301132,55.56
301133,37.31
301135,22.65
301136,31.98
301137,58.4
301138,34.43
301141,50.26
301148,60.6
301149,47.85
301150,126.65
301151,29.2
301152,26.28
301153,62.31
301155,86.59
301156,23.11
301157,35.69
301158,29.33
301159,25.02
301160,81.12
301161,34.97
301162,70.27
301163,19.0
301165,1329.68
301166,25.44
301167,15.71
301168,49.72
301169,38.85
301170,22.96
301171,219.08
301172,38.44
301173,28.94
301175,83.31
301176,78.14
301177,105.95
301178,32.01
301179,83.55
301180,47.8
301181,35.33
301182,67.84
301183,184.9
301185,25.9
301186,42.91
301187,36.79
301188,98.96
301189,89.2
301190,45.33
301191,85.32
301192,20.15
301193,44.88
301195,34.77
301196,154.51
301197,30.45
301198,21.77
301199,33.08
301200,1312.3
301201,53.52
301202,48.84
301203,27.3
301205,417.38
301206,48.36
301207,107.04
301208,36.59
301209,92.43
301210,38.76
301211,52.45
301212,27.45
301213,45.19
301215,71.62
301216,110.3
301217,948.31
301218,55.25
301219,177.21
301220,31.18
301221,37.28
301222,35.51
301223,32.68
301225,83.26
301226,30.99
301227,41.21
301228,79.38
301229,22.38
301230,56.0
301231,22.0
301232,102.34
301233,23.9
301234,67.45
301235,63.54
301236,384.26
301237,43.46
301238,120.27
301239,53.0
301246,79.0
301248,87.77
301251,93.51
301252,59.38
301255,30.21
301256,49.92
301257,33.97
301258,23.95
301259,47.68
301260,60.26
301261,58.02
301262,77.6
301263,99.41
301265,56.17
301266,35.7
301267,128.52
301268,51.67
301269,526.51
301270,31.56
301272,20.26
301273,39.19
301275,178.55
301276,23.9
301277,40.42
301278,25.67
301279,35.24
301280,80.77
301281,52.2
301282,71.46
301283,29.52
301285,179.18
301286,184.29
301287,27.65
301288,18.77
301289,35.2
301290,28.42
301291,106.85
301292,145.62
301293,107.01
301295,39.56
301296,27.58
301297,283.14
301298,18.94
301299,27.16
301300,22.13
301301,195.77
301302,32.89
301303,56.58
301305,59.5
301306,75.34
301307,119.33
301308,1619.33
301309,31.0
301310,97.56
301311,33.0
301312,134.82
301313,33.31
301314,25.21
301315,36.96
301316,156.44
301317,70.55
301318,28.36
301319,190.11
301320,25.01
301321,78.1
301322,58.27
301323,72.99
301325,43.97
301326,75.63
301327,74.9
301328,85.74
301329,33.05
301330,60.16
301331,22.47
301332,36.88
301333,50.33
301335,30.54
301336,21.13
301337,26.82
301338,147.62
301339,64.69
301345,256.37
301348,51.43
301349,61.27
301353,24.49
301355,20.13
301356,43.85
301357,85.67
301358,533.56
301359,21.73
301360,39.27
301361,31.46
301362,163.28
301363,130.3
301365,75.43
301366,117.63
301367,58.28
301368,45.51
301369,138.88
301370,42.59
301371,113.64
301372,20.83
301373,121.1
301376,84.48
301377,1723.23
301378,23.96
301379,59.33
301380,31.25
301381,94.87
301382,106.71
301383,38.85
301386,28.73
301387,59.63
301388,25.04
301389,174.01
301390,19.25
301391,43.77
301392,175.41
301393,62.27
301395,28.73
301396,378.8
301397,50.08
301398,37.41
301399,41.02
301408,59.52
301413,81.47
301418,26.31
301419,56.91
301421,91.39
301428,27.33
301429,20.88
301439,58.09
301446,37.63
301448,46.92
301449,40.42
301456,35.77
301458,103.81
301459,32.86
301468,52.81
301469,26.07
301479,60.21
301486,224.34
301487,75.79
301488,98.37
301489,134.76
301491,49.86
301498,155.1
301499,34.31
301500,134.04
301501,40.72
301502,29.6
301503,22.68
301505,18.3
301507,45.0
301508,55.55
301509,35.78
301510,112.31
301511,570.44
301512,23.33
301513,47.3
301515,19.46
301516,49.26
301517,57.17
301518,37.25
301519,19.48
301520,66.25
301522,86.53
301525,52.01
301526,1138.81
301528,50.75
301529,135.24
301531,112.64
301533,30.65
301535,61.8
301536,491.21
301538,45.5
301539,22.17
301548,50.36
301550,292.83
301551,80.56
301552,32.08
301555,32.05
301556,54.02
301557,53.52
301558,51.28
301559,79.68
301560,28.07
301563,103.88
301565,82.2
301566,104.52
301567,25.95
301568,72.26
301571,114.13
301575,32.32
301577,25.76
301578,25.04
301580,82.01
301581,29.55
301583,231.84
301584,91.55
301585,27.49
301586,24.73
301587,31.82
301588,33.44
301589,132.29
301590,42.07
301591,62.88
301592,70.73
301595,44.17
301596,50.3
301598,30.45
301599,150.24
301600,87.76
301601,23.0
301602,70.42
301603,153.81
301606,214.8
301607,99.95
301608,59.14
301609,52.5
301611,429.24
301613,51.62
301616,28.35
301617,88.41
301618,41.23
301622,45.31
301626,299.43
301628,68.48
301629,129.29
301630,110.88
301631,80.63
301632,56.63
301633,30.28
301636,26.09
301638,715.74
301655,127.93
301656,363.36
301658,97.57
301662,91.72
301665,110.75
301666,2075.78
301667,67.31
301668,38.37
301669,132.91
301677,56.23
301678,107.08
301680,79.65
301682,135.71
301683,63.38
301687,73.99
301696,384.17
301707,323.15
301717,385.58
302132,1603.25
600000,2997.53
600004,200.25
600006,108.0
600007,190.38
600008,208.47
600009,588.49
600010,1031.15
600011,1064.33
600012,280.55
600015,1042.43
600016,1497.36
600017,88.27
600018,1212.89
600019,1269.9
600020,88.77
600021,386.88
600022,146.57
600023,662.39
600025,1781.13
600026,1029.14
600027,545.75
600028,6602.53
600029,916.92
600030,4363.86
600031,1756.25
600032,165.2
600033,98.52
600035,59.09
600036,9924.01
600037,99.37
600038,226.54
600039,766.95
600048,621.27
600050,1338.12
600051,19.87
600052,33.35
600054,83.44
600055,77.9
600056,138.82
600057,187.66
600058,109.01
600059,74.84
600060,363.04
600061,416.26
600062,167.83
600063,122.7
600064,133.41
600066,665.51
600067,40.78
600071,45.36
600072,133.56
600073,52.14
600075,83.68
600076,43.83
600078,76.67
600081,57.57
600085,335.74
600088,45.94
600089,975.19
600094,94.63
600095,273.05
600096,575.7
600097,22.0
600098,219.12
600099,20.84
600100,234.86
600101,43.28
600103,86.27
600104,1188.61
600105,581.87
600106,58.88
600108,74.18
600109,322.29
600110,189.83
600111,1468.44
600113,129.89
600114,203.06
600115,786.32
600116,121.23
600117,76.82
600118,712.21
600120,168.72
600121,54.34
600123,107.84
600125,71.54
600126,228.3
600127,75.54
600128,21.47
600129,78.74
600130,33.98
600131,178.83
600132,194.94
600133,92.98
600135,41.44
600137,17.78
600138,52.55
600141,375.66
600143,377.2
600148,22.19
600149,19.2
600150,2617.41
600151,142.71
600152,44.23
600153,254.0
600155,139.67
600156,34.34
600157,349.08
600158,68.89
600159,22.0
600160,1094.48
600161,244.01
600162,175.19
600163,99.91
600165,51.06
600166,238.31
600167,129.89
600168,44.11
600170,203.49
600171,162.27
600172,207.96
600173,44.41
600176,1729.36
600177,363.4
600178,45.2
600179,200.15
600182,46.0
600183,3537.84
600184,105.94
600185,90.48
600186,214.06
600188,2310.48
600189,56.21
600191,53.68
600192,31.45
600195,70.36
600196,610.73
600197,45.99
600198,101.29
600199,47.62
600201,139.25
600202,19.82
600203,63.51
600206,437.24
600207,48.58
600208,252.72
600210,94.19
600211,124.61
600212,43.8
600215,28.87
600216,126.84
600217,56.36
600218,33.41
600219,560.4
600221,566.12
600222,44.25
600223,58.45
600226,180.25
600227,77.34
600228,34.63
600229,34.49
600230,63.5
600231,51.41
600232,23.96
600233,579.34
600234,56.36
600235,20.73
600236,780.36
600237,53.53
600241,22.07
600246,235.49
600248,109.56
600249,29.64
600250,31.19
600251,91.45
600252,76.74
600255,61.05
600256,418.04
600257,28.2
600258,139.02
600259,279.54
600261,42.72
600262,36.6
600266,88.63
600267,143.99
600268,108.06
600269,90.15
600271,128.22
600272,53.29
600273,89.82
600276,3140.72
600278,57.4
600279,52.1
600280,35.2
600281,25.62
600282,292.84
600283,44.87
600284,50.55
600285,113.88
600287,21.75
600288,49.4
600292,598.38
600293,35.04
600295,384.55
600298,358.41
600299,271.64
600300,53.04
600301,308.57
600303,20.71
600305,75.67
600307,93.95
600308,50.66
600309,2443.02
600310,63.17
600312,268.26
600313,87.1
600315,122.82
600316,220.73
600318,35.28
600319,25.51
600320,217.62
600322,30.52
600323,246.48
600325,68.25
600326,105.59
600327,36.36
600328,95.9
600329,280.55
600330,356.96
600331,348.69
600332,331.99
600333,39.89
600335,77.94
600336,50.27
600338,131.46
600339,193.18
600343,116.41
600345,168.27
600346,1383.89
600348,337.66
600350,506.18
600351,50.31
600352,428.46
600353,287.02
600354,43.33
600356,28.97
600358,59.2
600359,28.65
600360,99.87
600361,139.97
600362,1697.08
600363,82.02
600366,128.59
600367,143.62
600368,70.99
600369,274.44
600371,33.76
600372,543.41
600373,97.95
600375,62.68
600376,87.71
600377,623.17
600378,687.7
600379,46.82
600380,171.42
600382,45.76
600383,104.29
600386,28.06
600388,233.43
600389,82.9
600390,228.95
600391,112.67
600392,401.92
600395,123.22
600396,208.68
600397,189.97
600398,285.76
600399,87.36
600400,66.68
600403,170.7
600405,28.31
600406,1848.11
600408,31.11
600409,153.59
600410,148.36
600415,683.25
600416,128.39
600418,474.28
600419,28.14
600420,116.15
600422,65.93
600425,60.18
600426,599.76
600428,314.73
600429,71.13
600433,60.56
600435,162.12
600436,768.02
600438,538.44
600444,21.2
600446,104.48
600448,19.02
600449,60.97
600452,140.59
600455,15.31
600456,130.53
600458,112.16
600459,176.41
600460,568.61
600461,115.57
600463,25.11
600467,36.09
600468,71.14
600469,48.06
600470,32.76
600475,144.92
600477,59.21
600478,84.02
600479,65.61
600480,100.83
600481,90.62
600482,721.53
600483,299.42
600486,229.66
600487,1694.41
600488,61.15
600489,1293.26
600490,180.35
600493,16.78
600495,49.78
600496,66.87
600497,532.77
600498,559.29
600499,272.91
600500,203.46
600501,61.44
600502,79.48
600503,36.05
600505,38.72
600506,40.31
600507,99.24
600508,122.63
600509,102.67
600510,74.51
600511,201.98
600512,33.34
600513,47.47
600515,324.48
600516,206.13
600517,293.36
600518,194.99
600519,16218.56
600520,38.83
600521,246.45
600522,1195.9
600523,48.44
600525,70.16
600526,42.2
600527,39.66
600528,155.29
600529,127.21
600531,171.35
600533,23.41
600535,222.45
600536,315.34
600538,27.31
600539,34.87
600540,29.36
600545,77.06
600546,277.35
600547,1636.06
600548,210.9
600549,866.66
600550,202.57
600551,50.85
600552,168.9
600556,83.16
600557,73.26
600558,44.16
600559,106.39
600560,25.74
600561,16.93
600562,359.77
600563,288.79
600566,230.82
600567,84.39
600569,53.43
600570,416.03
600571,50.74
600572,114.23
600573,24.85
600575,240.8
600576,58.84
600577,189.26
600578,372.89
600579,34.65
600580,465.35
600582,205.69
600583,271.91
600584,1340.81
600585,962.54
600586,61.37
600587,76.44
600588,350.24
600589,117.19
600590,71.47
600592,58.97
600593,54.17
600594,32.71
600595,254.1
600596,150.21
600597,95.39
600598,238.56
600600,697.65
600601,526.95
600602,255.48
600603,55.73
600604,91.42
600605,53.3
600606,182.7
600609,43.83
600610,101.02
600611,106.62
600612,177.08
600613,66.22
600615,22.11
600616,29.24
600617,66.75
600618,123.27
600619,156.39
600620,31.04
600621,143.33
600622,34.94
600623,187.79
600626,48.87
600628,40.88
600629,188.22
600630,29.57
600633,129.6
600635,139.35
600637,280.72
600638,34.21
600639,106.4
600640,84.22
600641,329.51
600642,415.02
600643,65.48
600644,51.99
600645,91.95
600648,125.11
600649,99.67
600650,58.86
600651,138.39
600653,33.87
600654,103.29
600655,182.11
600657,77.57
600658,45.53
600660,1496.95
600661,25.27
600662,97.5
600663,452.16
600664,226.67
600665,31.19
600666,98.22
600667,408.48
600668,31.3
600671,25.31
600673,959.45
600674,750.2
600675,141.48
600676,69.63
600679,50.42
600681,47.2
600682,77.08
600683,81.71
600684,41.59
600685,372.18
600686,82.1
600688,309.95
600689,24.56
600690,1980.56
600691,69.85
600692,23.04
600693,83.16
600694,55.15
600697,17.72
600698,77.26
600699,294.8
600702,117.49
600703,654.56
600704,258.04
600706,21.02
600707,331.57
600708,69.31
600710,140.08
600711,370.87
600712,30.56
600713,69.2
600714,55.1
600715,65.77
600716,35.29
600717,125.6
600718,99.42
600719,29.21
600720,120.93
600721,59.37
600722,103.88
600724,75.15
600725,42.03
600726,439.65
600727,41.44
600728,101.09
600729,86.06
600731,32.9
600732,250.65
600733,327.27
600736,79.44
600737,342.86
600738,31.98
600739,170.96
600740,101.46
600741,485.2
600742,57.51
600743,55.37
600744,128.98
600746,83.5
600748,71.94
600749,33.66
600750,154.32
600751,91.04
600754,204.84
600755,122.39
600756,50.42
600757,88.35
600758,48.52
600760,1318.81
600761,145.98
600763,156.73
600764,130.4
600765,214.55
600768,20.54
600769,57.56
600770,66.69
600771,68.43
600773,107.24
600774,22.89
600775,88.28
600776,162.4
600777,278.82
600778,17.6
600779,132.6
600780,68.22
600782,92.34
600783,117.98
600784,53.17
600785,39.23
600787,101.34
600789,78.91
600790,50.28
600791,35.28
600792,43.95
600793,26.38
600794,39.0
600795,925.67
600796,45.06
600797,70.49
600798,40.06
600800,39.96
600801,498.34
600802,22.04
600803,557.75
600805,39.57
600807,23.8
600808,204.07
600809,1452.12
600810,72.63
600812,84.59
600814,50.57
600815,79.12
600816,249.06
600817,51.29
600819,55.68
600820,173.55
600821,117.45
600822,42.65
600824,39.32
600825,52.77
600826,56.12
600827,138.81
600828,70.84
600829,59.79
600830,38.25
600831,23.82
600833,24.36
600834,36.85
600835,181.41
600838,34.48
600839,321.75
600841,80.49
600843,50.71
600844,38.73
600845,503.28
600846,74.28
600847,19.84
600848,218.2
600850,119.33
600851,102.6
600853,34.16
600854,24.15
600855,57.54
600857,44.91
600858,25.95
600859,113.63
600860,45.99
600861,74.67
600862,247.82
600863,366.69
600864,121.3
600865,34.88
600866,73.27
600867,160.21
600868,55.62
600869,413.91
600871,439.8
600872,143.32
600873,221.25
600874,87.94
600875,873.24
600876,46.36
600877,144.34
600879,471.14
600880,43.08
600881,64.32
600882,103.83
600883,18.89
600884,270.37
600885,530.82
600886,1091.81
600887,1698.99
600888,163.23
600892,22.49
600893,1010.26
600894,62.35
600895,471.58
600897,62.0
600900,6863.34
600901,378.79
600903,74.03
600905,1063.46
600906,217.41
600908,120.71
600909,418.52
600916,143.14
600917,75.87
600918,454.51
600919,2209.5
600925,300.36
600926,1202.61
600927,190.59
600928,153.78
600929,99.06
600930,1647.71
600933,138.23
600935,83.76
600936,84.55
600938,16250.49
600939,50.23
600941,21223.11
600955,71.17
600956,323.12
600958,780.84
600959,154.02
600960,65.94
600961,300.62
600962,65.87
600963,62.39
600966,67.64
600967,188.9
600968,400.51
600969,37.34
600970,201.88
600971,108.24
600973,85.98
600975,65.23
600976,42.55
600977,228.52
600979,49.8
600980,38.88
600981,56.29
600982,54.88
600983,58.71
600984,49.53
600985,482.36
600986,106.35
600987,67.78
600988,932.91
600989,1795.94
600990,50.84
600992,24.21
600993,100.82
600995,402.38
600996,85.28
600997,93.05
600998,247.08
600999,1627.12
601000,270.81
601001,307.79
601002,50.78
601003,106.69
601005,116.27
601006,945.47
601007,27.26
601008,55.58
601009,1432.94
601011,59.39
601012,941.95
601015,78.02
601016,221.86
601018,673.12
601019,140.45
601020,195.15
601021,431.25
601022,121.99
601026,102.6
601033,129.51
601038,161.02
601058,473.16
601059,543.53
601061,588.49
601065,44.67
601066,1984.16
601068,140.39
601069,283.41
601077,771.14
601083,169.53
601086,55.54
601088,10330.68
601089,79.2
601096,113.43
601098,177.62
601099,244.02
601100,1359.06
601101,213.26
601106,211.22
601107,179.2
601108,407.72
601111,1217.26
601112,269.93
601113,48.07
601116,60.57
601117,467.69
601118,285.44
601121,74.21
601126,351.07
601127,881.27
601128,224.36
601133,135.87
601136,394.15
601137,196.57
601138,12708.16
601139,183.54
601155,270.45
601156,301.95
601158,199.68
601162,384.83
601163,99.84
601166,3688.69
601168,932.23
601169,1076.18
601177,55.33
601179,653.04
601186,828.35
601187,188.7
601188,38.51
601198,454.16
601199,57.7
601200,94.77
601208,518.02
601211,3150.53
601212,564.98
601216,396.59
601218,43.9
601222,124.31
601225,2624.44
601226,77.4
601228,234.63
601229,1321.44
601231,644.77
601233,653.04
601236,328.53
601238,546.56
601279,54.23
601288,23763.85
601298,588.74
601311,87.63
601318,10113.12
601319,3157.59
601326,191.65
601328,6273.83
601330,101.56
601333,213.92
601336,1865.49
601339,114.87
601360,650.96
601366,35.99
601368,40.35
601369,151.84
601375,196.39
601377,512.11
601388,79.02
601390,1091.64
601398,28013.53
601399,233.72
601456,506.14
601500,63.48
601512,119.46
601515,67.36
601518,53.5
601519,177.04
601528,98.7
601555,405.45
601566,48.27
601567,207.97
601568,153.33
601577,384.46
601579,92.68
601588,59.26
601595,74.67
601598,492.84
601599,36.56
601600,1684.62
601601,3056.38
601606,229.0
601607,608.54
601608,219.36
601609,224.38
601611,330.32
601615,239.72
601616,33.38
601618,548.33
601619,124.37
601628,10816.9
601633,1314.22
601636,173.97
601658,5992.74
601665,405.54
601666,243.73
601668,1842.89
601669,801.02
601677,212.35
601678,164.05
601686,77.52
601688,1752.11
601689,818.35
601696,335.58
601698,1015.54
601699,511.53
601700,95.43
601702,161.26
601717,268.7
601727,1033.42
601728,5764.95
601766,1779.33
601777,372.09
601778,138.12
601788,680.55
601789,65.24
601798,27.76
601799,232.77
601800,969.58
601801,100.83
601808,613.15
601811,137.45
601816,2377.79
601818,1790.29
601825,851.6
601827,136.26
601828,96.22
601838,793.01
601857,20553.26
601858,173.36
601860,92.99
601865,237.57
601866,317.8
601868,1110.43
601869,3496.74
601872,1532.55
601877,553.14
601878,428.56
601880,346.5
601881,1346.02
601882,103.98
601886,146.27
601888,1108.5
601890,83.85
601898,2036.53
601899,9213.68
601900,102.13
601901,569.66
601908,73.65
601916,793.73
601918,281.85
601919,2577.26
601921,164.67
601928,215.55
601929,81.66
601933,281.14
601939,27965.08
601949,99.39
601952,129.53
601956,31.14
601958,746.96
601963,399.2
601965,141.37
601966,163.77
601968,58.94
601969,194.28
601975,194.23
601985,1834.67
601988,19944.95
601990,295.22
601991,1090.05
601992,151.62
601995,1675.54
601996,29.7
601997,201.09
601998,4852.26
601999,34.05
603000,181.55
603001,32.92
603002,200.39
603004,44.98
603005,196.96
603006,27.79
603007,47.49
603009,159.65
603010,71.14
603011,136.71
603012,65.1
603013,76.84
603014,133.76
603015,45.23
603016,46.95
603017,27.26
603018,43.74
603019,1255.65
603020,38.32
603022,18.16
603023,23.89
603025,153.32
603026,147.97
603027,97.54
603028,20.38
603029,22.18
603030,28.05
603031,150.14
603032,45.83
603033,78.06
603035,41.8
603036,32.45
603037,27.43
603038,45.03
603039,124.32
603040,98.9
603041,20.7
603042,29.35
603043,78.91
603045,84.22
603048,32.23
603049,440.57
603050,72.19
603051,34.44
603052,109.41
603053,78.31
603055,84.49
603057,84.81
603058,38.9
603059,24.89
603060,44.86
603061,293.59
603062,42.56
603063,145.79
603065,70.89
603066,26.86
603067,263.45
603068,54.25
603069,41.96
603070,47.16
603071,70.69
603072,84.7
603073,19.46
603075,77.82
603076,24.88
603077,215.49
603078,141.14
603079,25.14
603080,27.99
603081,41.62
603082,74.31
603083,708.18
603085,39.51
603086,27.52
603087,420.47
603088,51.44
603089,27.6
603090,38.3
603091,71.98
603092,169.2
603093,137.24
603095,43.85
603096,23.1
603097,43.48
603098,56.81
603099,108.29
603100,97.76
603101,36.08
603102,25.91
603103,95.51
603105,38.1
603106,41.28
603107,40.31
603108,59.37
603109,36.72
603110,48.35
603111,54.14
603112,87.96
603113,46.84
603115,184.15
603116,37.16
603117,24.15
603118,139.58
603119,241.25
603120,41.46
603121,46.85
603122,49.28
603123,77.48
603124,180.72
603125,94.04
603126,38.95
603127,356.24
603128,73.57
603129,457.36
603130,54.66
603131,49.46
603132,197.07
603135,57.97
603136,25.04
603137,41.62
603138,37.44
603139,36.87
603150,45.72
603151,27.42
603153,54.39
603155,64.7
603156,530.7
603158,52.86
603159,34.36
603160,227.82
603161,35.22
603162,174.34
603163,81.16
603165,45.44
603166,69.86
603167,38.19
603168,22.56
603169,86.22
603170,49.32
603171,180.17
603172,26.01
603173,50.27
603175,405.78
603176,25.76
603177,22.5
603178,38.37
603179,290.09
603180,23.91
603181,77.24
603182,22.58
603183,23.76
603185,110.66
603186,287.87
603187,43.24
603188,28.91
603190,28.09
603191,49.63
603192,34.02
603193,83.14
603194,136.54
603195,705.69
603196,82.61
603197,64.12
603198,324.08
603199,38.07
603200,76.58
603201,28.27
603202,84.19
603203,145.21
603205,34.96
603206,42.27
603207,37.61
603208,20.16
603209,46.44
603210,46.77
603211,58.66
603212,51.62
603213,62.29
603214,19.22
603215,31.33
603216,45.85
603217,62.28
603218,98.56
603219,78.03
603220,99.39
603221,70.5
603222,43.06
603223,73.62
603225,348.75
603226,131.82
603227,83.91
603228,940.21
603229,66.67
603230,32.14
603231,31.59
603232,35.88
603233,206.7
603235,101.78
603236,227.17
603237,30.52
603238,21.9
603239,38.52
603248,83.63
603255,43.96
603256,1258.91
603257,80.4
603258,30.95
603259,4696.43
603260,414.6
603261,44.18
603262,75.32
603266,31.7
603267,111.7
603268,1908.06
603269,95.81
603270,60.25
603271,83.69
603273,31.75
603275,54.5
603276,32.0
603277,72.86
603278,31.2
603279,66.46
603280,28.92
603281,101.13
603282,22.04
603283,167.27
603284,32.25
603285,53.28
603286,50.51
603288,1996.38
603289,26.29
603290,218.09
603291,37.79
603293,64.33
603296,1185.36
603297,116.63
603298,343.96
603299,86.21
603300,96.76
603301,221.95
603303,115.13
603305,130.83
603306,253.91
603307,24.61
603308,320.44
603309,33.33
603310,50.52
603311,64.89
603312,50.8
603313,34.98
603315,36.78
603316,37.45
603317,144.23
603318,54.25
603319,89.91
603320,25.58
603321,22.69
603322,39.77
603323,95.7
603324,40.15
603325,43.28
603326,23.11
603327,100.89
603328,109.43
603329,26.11
603330,47.68
603331,25.68
603332,25.64
603333,76.68
603334,46.78
603335,28.81
603336,58.13
603337,180.03
603338,290.39
603339,45.36
603341,192.57
603344,46.57
603345,258.37
603348,44.94
603350,33.19
603351,35.31
603352,58.53
603353,55.69
603355,160.49
603356,22.71
603357,34.02
603358,212.32
603360,97.81
603363,81.93
603365,45.75
603366,60.0
603367,67.23
603368,63.24
603369,354.96
603370,56.81
603373,64.2
603375,38.05
603376,103.08
603379,369.03
603380,55.19
603381,36.09
603382,35.72
603383,60.42
603385,21.81
603386,46.21
603387,47.32
603389,112.46
603390,35.37
603391,64.48
603392,384.0
603393,111.02
603395,80.6
603396,44.19
603399,78.38
603400,57.5
603402,69.14
603406,121.4
603407,235.75
603408,52.1
603409,34.42
603416,73.59
603418,85.66
603421,38.94
603435,240.19
603439,49.15
603444,279.58
603456,137.11
603458,27.73
603459,650.79
603466,66.32
603468,98.19
603477,79.49
603486,307.19
603488,24.06
603489,64.9
603496,75.44
603499,51.81
603500,31.98
603501,1031.32
603505,136.86
603506,21.84
603507,56.87
603508,82.2
603511,51.91
603515,120.55
603516,185.06
603518,27.9
603519,45.91
603520,39.68
603527,31.92
603528,44.97
603529,185.47
603530,207.59
603533,90.15
603535,32.95
603536,23.33
603538,92.8
603551,36.43
603556,120.06
603558,41.05
603559,38.44
603565,276.16
603566,35.75
603567,54.72
603568,304.4
603569,35.73
603577,35.13
603578,30.76
603579,35.81
603580,109.02
603583,95.98
603585,29.11
603586,26.51
603587,58.28
603588,236.1
603589,114.66
603590,48.9
603596,251.34
603598,45.63
603599,95.03
603600,33.04
603601,103.38
603602,26.92
603605,242.93
603606,283.24
603607,39.92
603608,83.73
603609,59.03
603610,51.5
603611,42.38
603612,87.52
603613,133.08
603615,46.19
603616,22.03
603617,26.7
603618,248.34
603619,111.38
603626,107.04
603628,27.1
603629,439.89
603630,32.11
603633,28.08
603636,40.39
603637,37.23
603638,165.48
603639,38.57
603648,34.03
603650,384.18
603655,33.72
603656,32.14
603657,32.55
603658,188.97
603659,510.74
603660,61.66
603661,42.93
603662,141.76
603663,257.31
603665,33.14
603666,55.04
603667,194.49
603668,53.16
603669,39.11
603676,40.17
603677,26.66
603678,224.09
603679,42.86
603680,80.96
603681,43.58
603682,55.57
603683,49.4
603685,60.78
603686,53.96
603687,87.46
603688,279.02
603689,40.7
603690,95.82
603693,100.02
603696,33.42
603697,40.89
603698,117.22
603699,393.07
603700,23.04
603701,50.36
603703,42.45
603706,34.07
603707,126.18
603708,60.13
603709,19.75
603711,50.16
603712,88.47
603713,112.28
603716,38.57
603717,19.21
603719,38.72
603721,22.57
603722,29.39
603725,32.92
603726,44.76
603727,52.17
603728,201.36
603730,232.48
603733,178.9
603737,226.66
603738,155.2
603739,32.54
603755,23.14
603757,121.78
603758,50.46
603759,35.32
603766,302.28
603767,43.76
603768,27.7
603773,212.95
603776,56.63
603777,46.32
603778,68.38
603779,27.3
603786,156.01
603787,23.47
603788,30.58
603790,45.14
603797,27.45
603798,35.16
603799,757.22
603800,128.19
603801,28.32
603803,47.84
603806,397.31
603808,32.08
603809,82.46
603810,20.59
603811,33.54
603813,30.7
603815,34.16
603816,225.69
603817,33.12
603818,27.05
603819,30.7
603823,275.3
603826,138.33
603829,29.32
603833,198.68
603836,26.36
603839,26.55
603848,55.37
603855,55.32
603856,32.41
603858,159.98
603859,99.74
603860,17.82
603861,62.92
603863,26.56
603866,69.59
603867,65.35
603868,134.91
603871,187.55
603876,219.03
603877,59.21
603878,28.9
603879,18.94
603880,27.98
603881,216.63
603882,127.03
603883,100.02
603885,228.83
603886,30.31
603887,57.31
603888,120.54
603889,57.71
603890,91.41
603893,748.54
603895,28.61
603896,29.44
603897,64.7
603898,33.9
603899,211.73
603900,26.92
603901,54.44
603903,35.62
603906,154.98
603908,18.15
603909,25.39
603912,48.27
603915,89.7
603916,49.89
603917,26.64
603918,41.88
603919,85.32
603920,271.52
603926,37.88
603927,117.59
603928,41.91
603929,351.36
603931,71.58
603933,39.54
603936,117.0
603937,24.54
603938,177.58
603939,277.4
603948,32.73
603949,29.38
603950,193.99
603955,28.16
603956,34.42
603958,47.73
603960,41.69
603966,41.42
603967,40.66
603968,22.1
603969,67.2
603970,30.7
603976,50.04
603977,72.81
603978,40.15
603979,509.76
603980,48.06
603982,22.93
603983,112.08
603985,73.54
603986,2784.66
603987,33.28
603988,47.89
603989,114.05
603990,66.88
603991,205.09
603992,94.41
603993,4174.03
603995,91.56
603997,145.67
603998,46.1
603999,32.66
605001,22.59
605003,25.56
605005,64.2
605006,101.57
605007,71.84
605008,82.68
605009,54.84
605011,67.06
605016,90.26
605018,56.08
605020,175.47
605028,39.17
605033,27.45
605050,51.01
605055,42.9
605056,57.07
605058,39.05
605060,101.79
605066,36.07
605068,28.73
605069,22.46
605077,33.75
605080,32.27
605086,47.06
605088,41.03
605089,28.29
605090,248.72
605098,67.44
605099,124.3
605100,78.59
605108,33.67
605111,244.67
605116,82.33
605117,1175.24
605118,122.71
605122,20.17
605123,92.82
605128,76.93
605133,76.6
605136,33.44
605138,34.5
605151,25.9
605155,27.15
605158,42.24
605162,44.99
605166,26.63
605167,74.96
605168,99.74
605169,34.54
605177,24.6
605178,68.91
605179,130.65
605180,21.92
605183,62.73
605186,35.17
605188,67.89
605189,35.57
605196,185.59
605198,218.63
605208,47.02
605218,36.64
605222,83.41
605228,50.17
605255,89.43
605258,26.77
605259,30.49
605266,24.59
605268,42.03
605277,65.04
605286,45.18
605287,52.92
605288,65.95
605289,160.64
605296,172.5
605298,91.3
605299,53.08
605300,44.76
605303,37.78
605305,69.75
605318,94.89
605319,92.18
605333,79.03
605337,36.67
605338,45.88
605339,59.02
605358,333.82
605365,72.84
605366,64.07
605368,48.74
605369,36.51
605376,398.26
605377,45.54
605378,38.0
605388,37.59
605389,126.69
605398,33.75
605399,34.78
605488,87.3
605499,886.99
605500,29.67
605507,119.86
605555,60.61
605566,38.02
605567,19.06
605577,42.89
605580,50.26
605588,34.42
605589,338.21
605598,65.23
605599,127.94
688001,246.77
688002,752.79
688003,157.75
688004,17.43
688005,188.59
688006,133.83
688007,48.31
688008,2599.75
688009,528.43
688010,42.66
688011,78.61
688012,3515.28
688013,19.96
688015,30.23
688016,111.47
688017,535.32
688018,271.6
688019,555.36
688020,107.37
688021,15.97
688023,40.32
688025,382.57
688026,23.17
688027,393.96
688028,140.84
688029,146.71
688030,30.66
688031,121.44
688032,94.44
688035,97.72
688036,661.24
688037,741.98
688038,21.42
688039,35.22
688041,5706.02
688045,40.87
688046,133.31
688047,425.86
688048,516.2
688049,71.25
688050,77.63
688051,19.53
688052,414.39
688055,125.67
688056,28.55
688057,49.27
688058,18.32
688059,123.18
688060,21.39
688061,49.36
688062,131.74
688063,108.23
688065,311.31
688067,15.87
688068,90.9
688069,56.15
688070,30.71
688071,28.31
688072,1945.49
688073,55.84
688075,37.51
688077,32.4
688078,17.42
688079,64.94
688080,27.88
688081,29.57
688082,1429.26
688083,88.03
688084,32.36
688085,48.42
688087,74.15
688088,119.79
688090,113.12
688091,83.71
688092,18.99
688093,61.26
688095,56.81
688096,20.2
688097,213.1
688098,33.92
688099,379.72
688100,127.25
688101,50.37
688102,251.27
688103,71.33
688105,109.24
688106,148.99
688107,124.42
688108,70.22
688109,57.02
688110,508.78
688111,1119.66
688112,111.0
688113,23.18
688114,266.95
688115,60.16
688116,122.82
688117,52.73
688118,18.92
688119,44.1
688120,1292.91
688122,324.25
688123,215.82
688125,102.68
688126,810.06
688127,267.85
688128,88.5
688129,26.02
688130,28.69
688131,199.54
688132,20.49
688133,38.43
688135,62.43
688136,43.61
688137,51.26
688138,119.12
688139,100.14
688141,538.49
688143,209.28
688146,1318.76
688147,557.45
688148,32.55
688150,161.94
688151,55.22
688152,38.76
688153,116.18
688155,69.18
688156,19.72
688157,36.6
688158,137.98
688159,30.57
688160,89.66
688161,87.84
688162,33.64
688163,37.52
688165,83.28
688166,151.26
688167,383.91
688168,37.84
688169,333.78
688170,55.5
688171,32.41
688172,767.34
688173,60.05
688175,31.39
688176,67.98
688177,77.14
688178,23.83
688179,72.51
688180,344.56
688181,49.9
688182,113.32
688183,1098.92
688185,204.73
688186,39.52
688187,634.21
688188,401.54
688190,87.97
688191,66.75
688192,272.91
688193,19.2
688195,329.64
688196,43.24
688197,51.96
688198,101.95
688199,38.78
688200,781.17
688202,131.33
688203,26.83
688205,280.58
688206,224.4
688207,44.83
688208,174.52
688209,128.14
688210,50.75
688211,42.51
688212,38.03
688213,394.14
688215,40.65
688216,34.77
688217,13.83
688218,48.92
688219,58.37
688220,411.86
688221,70.57
688222,131.66
688223,431.32
688225,50.72
688226,58.86
688227,80.79
688228,52.63
688229,28.86
688230,67.15
688231,101.08
688232,58.54
688233,177.12
688234,513.02
688235,4190.39
688236,55.08
688237,49.92
688238,44.52
688239,92.78
688244,22.78
688246,23.9
688247,43.02
688248,229.21
688249,873.75
688251,20.2
688252,82.54
688253,76.23
688255,28.66
688256,6581.77
688257,200.9
688258,115.38
688259,33.96
688260,125.4
688261,88.77
688262,94.38
688265,31.34
688266,318.05
688267,43.94
688268,184.12
688269,38.3
688271,869.98
688272,21.87
688273,29.79
688275,107.82
688276,69.37
688277,71.97
688278,238.38
688279,218.34
688280,31.1
688281,190.68
688282,48.8
688283,34.96
688285,28.6
688286,37.39
688288,18.67
688289,90.04
688290,66.71
688291,41.41
688292,28.42
688293,78.35
688295,350.82
688296,25.08
688297,264.6
688298,39.8
688299,37.22
688300,458.55
688301,296.52
688302,33.49
688303,372.11
688305,75.97
688306,106.74
688307,60.22
688308,158.94
688309,58.3
688310,25.13
688311,40.2
688312,69.26
688313,701.03
688314,26.06
688315,64.64
688316,22.53
688317,32.65
688318,310.23
688319,117.61
688320,50.51
688321,114.41
688322,393.27
688323,53.51
688325,101.36
688326,75.2
688327,107.12
688328,77.83
688329,17.01
688330,48.89
688331,675.85
688332,169.69
688333,281.73
688334,58.16
688335,29.37
688336,381.52
688337,93.24
688338,31.69
688339,41.08
688343,201.02
688345,53.1
688347,4309.74
688348,50.68
688349,219.56
688350,40.5
688351,85.6
688352,215.07
688353,146.02
688355,22.01
688356,65.99
688357,26.59
688358,31.75
688359,95.24
688360,39.88
688361,1276.75
688362,284.04
688363,174.13
688365,63.47
688366,69.38
688367,25.94
688368,288.39
688369,22.97
688370,32.23
688371,102.15
688372,207.92
688373,38.0
688375,458.22
688376,92.4
688377,44.07
688378,111.94
688379,53.82
688380,163.71
688381,87.07
688382,116.44
688383,130.11
688385,441.6
688386,53.19
688387,446.49
688388,189.0
688389,47.09
688390,163.35
688391,30.32
688392,216.77
688393,18.7
688395,20.06
688396,809.54
688398,33.98
688399,35.22
688400,228.84
688401,139.82
688403,242.91
688408,58.05
688409,632.48
688410,49.53
688411,346.76
688416,81.29
688418,61.33
688419,59.91
688420,19.89
688425,217.07
688426,23.36
688428,513.75
688429,40.32
688432,565.39
688433,403.94
688435,24.71
688439,77.3
688443,88.81
688448,62.25
688449,298.26
688450,21.71
688455,27.24
688456,85.06
688458,38.22
688459,38.59
688466,17.35
688468,25.59
688469,719.23
688472,354.48
688475,226.41
688478,66.0
688479,62.79
688480,70.45
688484,156.59
688485,124.74
688486,77.79
688488,67.83
688489,42.46
688498,1915.25
688499,58.99
688500,26.29
688501,24.14
688502,232.86
688503,188.42
688505,84.9
688506,1118.19
688507,134.99
688508,114.38
688509,33.03
688510,63.55
688511,29.96
688512,66.77
688513,76.93
688515,121.18
688516,144.16
688517,21.42
688518,72.26
688519,687.43
688520,171.34
688521,982.94
688522,78.87
688523,165.6
688525,1088.99
688526,58.83
688528,16.87
688529,25.85
688530,97.92
688531,223.88
688533,34.61
688535,146.71
688536,426.38
688538,316.24
688539,45.09
688543,98.29
688545,277.7
688548,452.95
688549,362.52
688550,69.69
688551,46.26
688552,97.16
688553,73.29
688556,65.63
688557,30.54
688558,41.96
688559,143.48
688560,25.1
688561,185.1
688562,56.72
688563,224.23
688565,16.8
688566,51.2
688567,122.7
688568,257.62
688569,39.16
688570,66.51
688571,36.78
688573,15.79
688575,59.37
688576,28.3
688577,66.77
688578,511.65
688579,31.68
688580,44.13
688581,42.48
688582,169.41
688583,110.64
688584,193.06
688585,637.11
688586,91.08
688588,38.1
688589,28.15
688590,37.86
688591,70.42
688592,28.33
688593,139.7
688595,41.51
688596,214.11
688597,21.88
688598,73.9
688599,295.63
688600,38.8
688601,73.13
688602,35.11
688603,141.19
688605,144.74
688606,36.08
688607,36.4
688608,245.2
688609,48.75
688610,112.69
688611,93.64
688612,142.52
688613,21.46
688615,188.16
688616,19.82
688617,351.2
688618,33.01
688619,26.2
688620,61.39
688621,70.67
688623,49.32
688625,144.37
688626,68.26
688627,463.06
688628,87.03
688629,612.85
688630,613.56
688631,65.22
688633,42.36
688635,275.28
688636,35.22
688638,18.87
688639,42.42
688646,67.86
688648,44.83
688651,23.77
688652,251.18
688653,59.85
688655,56.76
688656,59.51
688657,30.73
688658,64.22
688659,16.77
688660,102.4
688661,161.91
688662,103.43
688663,106.81
688665,45.35
688667,46.53
688668,360.22
688669,90.76
688670,20.06
688671,19.45
688676,303.96
688677,108.63
688678,79.9
688679,50.95
688680,34.54
688681,17.71
688682,31.49
688683,48.09
688685,57.71
688686,166.24
688687,31.23
688689,57.82
688690,156.36
688691,77.41
688692,244.07
688693,54.53
688695,16.49
688696,48.53
688697,95.46
688698,92.4
688699,67.41
688700,176.62
688701,12.46
688702,1496.91
688707,54.28
688708,163.15
688709,164.31
688710,122.61
688711,56.33
688712,137.44
688716,34.85
688717,78.9
688718,24.99
688719,58.27
688720,77.67
688721,54.8
688722,31.11
688726,186.29
688727,219.76
688728,388.27
688729,708.74
688733,61.07
688737,21.41
688739,87.79
688750,65.86
688755,31.3
688757,124.58
688758,112.78
688759,110.98
688765,137.64
688766,596.57
688767,55.25
688768,36.13
688772,177.91
688775,478.39
688776,52.11
688777,729.0
688778,239.98
688779,155.69
688781,386.4
688783,1238.39
688785,178.06
688786,47.68
688787,56.72
688788,65.34
688789,83.42
688790,112.29
688793,16.62
688795,2509.39
688796,522.47
688797,473.01
688798,145.73
688799,59.28
688800,186.82
688802,2700.27
688805,69.64
688806,111.22
688807,264.45
688808,2339.79
688809,588.38
688811,108.61
688813,183.2
688816,48.68
688818,781.96
688819,212.79
688820,2375.97
688825,39780.08
688826,360.36
688828,420.13
688835,268.88
688836,2366.12
688981,10776.66
689009,311.85
